,City,Country,Lat,Lng,Max Temp,Humidity,Cloudiness,Wind Speed,Current Description
0,Bethel,US,41.3712,-73.414,79.11,65,0,4.61,clear sky
1,Jamestown,US,42.097,-79.2353,69.39,55,0,8.05,clear sky
2,Frameries,BE,50.4058,3.896,54.57,94,42,5.75,scattered clouds
3,Hualmay,PE,-11.0964,-77.6139,60.53,82,59,14.16,broken clouds
4,Mykolayivka,UA,47.5414,30.7561,66.63,55,2,6.38,clear sky
5,Tasiilaq,GL,65.6145,-37.6368,46.56,77,100,10.2,overcast clouds
6,Busselton,AU,-33.65,115.3333,62.19,71,51,12.88,broken clouds
7,Mabaruma,GY,8.2,-59.7833,73.22,98,60,2.04,broken clouds
8,New Norfolk,AU,-42.7826,147.0587,49.71,61,100,5.08,overcast clouds
9,Hobart,AU,-42.8794,147.3294,50.05,89,75,5.75,broken clouds
10,Rikitea,PF,-23.1203,-134.9692,66.69,84,100,10.85,light rain
11,Ushuaia,AR,-54.8,-68.3,28.06,80,0,4.61,clear sky
12,Pevek,RU,69.7008,170.3133,32.41,84,19,12.71,few clouds
13,Moussoro,TD,13.6408,16.4901,83.61,58,100,8.37,overcast clouds
14,Hermanus,ZA,-34.4187,19.2345,49.8,82,16,6.87,few clouds
15,Singaparna,ID,-7.3515,108.111,75.34,92,92,2.89,overcast clouds
16,Tiarei,PF,-17.5333,-149.3333,80.62,62,54,24.34,broken clouds
17,Ponta Do Sol,PT,32.6667,-17.1,71.01,81,1,2.59,clear sky
18,Mahebourg,MU,-20.4081,57.7,68.29,83,40,11.5,scattered clouds
19,Jijiga,ET,9.35,42.8,62.26,85,100,14.99,light rain
20,Mataura,NZ,-46.1927,168.8643,38.48,94,100,4.92,overcast clouds
21,San Policarpo,PH,12.1791,125.5072,84.29,74,100,5.75,overcast clouds
22,Alofi,NU,-19.0595,-169.9187,80.49,65,75,17.27,broken clouds
23,Husavik,IS,66.0449,-17.3389,44.98,90,28,1.39,scattered clouds
24,Kapaa,US,22.0752,-159.319,85.98,75,75,16.11,broken clouds
25,Qaanaaq,GL,77.484,-69.3632,47.12,80,98,7.31,overcast clouds
26,Chuy,UY,-33.6971,-53.4616,59.04,98,100,8.86,overcast clouds
27,Oktyabrskoye,RU,43.0645,44.7417,64.54,88,100,2.24,overcast clouds
28,Vallenar,CL,-28.5708,-70.7581,50.38,80,100,10.6,overcast clouds
29,Challans,FR,46.8436,-1.8749,63.52,59,100,11.72,overcast clouds
30,Hilo,US,19.7297,-155.09,85.28,77,40,10.36,scattered clouds
31,Punta Arenas,CL,-53.15,-70.9167,32.11,93,75,6.91,broken clouds
32,Sile,TR,41.1754,29.6133,68.58,66,0,11.32,clear sky
33,Havoysund,NO,70.9963,24.6622,52.03,98,100,9.69,overcast clouds
34,Cabo San Lucas,MX,22.8909,-109.9124,86.61,66,39,11.07,scattered clouds
35,Kiama,AU,-34.6833,150.8667,60.39,57,0,4.41,clear sky
36,Homer,US,59.6425,-151.5483,64.78,79,75,8.05,broken clouds
37,Nikolskoye,RU,59.7035,30.7861,55.8,97,96,5.17,overcast clouds
38,Houma,US,29.5958,-90.7195,80.01,92,40,0.0,light rain
39,Palana,RU,59.1167,159.9667,55.11,85,59,9.01,broken clouds
40,Haapiti,PF,-17.5667,-149.8667,80.33,61,63,23.44,broken clouds
41,Provideniya,RU,64.3833,-173.3,57.36,58,0,15.99,clear sky
42,Barrow,US,71.2906,-156.7887,35.62,69,75,10.36,broken clouds
43,Saint-Philippe,RE,-21.3585,55.7679,65.21,79,48,10.0,light rain
44,Te Anau,NZ,-45.4167,167.7167,37.44,99,100,0.89,overcast clouds
45,Torbay,CA,47.6666,-52.7314,60.28,90,100,8.05,overcast clouds
46,Okha,RU,53.5739,142.9478,63.95,74,84,15.68,broken clouds
47,Cape Town,ZA,-33.9258,18.4232,56.91,82,0,6.91,clear sky
48,Goundi,TD,9.3627,17.366,71.71,95,100,3.4,light rain
49,Salalah,OM,17.0151,54.0924,76.84,95,100,5.08,overcast clouds
50,Yar-Sale,RU,66.8333,70.8333,59.67,57,90,9.37,overcast clouds
51,Ancud,CL,-41.8697,-73.8203,38.25,81,4,6.42,clear sky
52,Kiruna,SE,67.8557,20.2251,49.12,100,100,5.75,light rain
53,Baillif,GP,16.0202,-61.7463,78.64,80,13,13.31,few clouds
54,Maniwaki,CA,46.3834,-75.966,59.38,82,30,2.3,scattered clouds
55,Puerto Ayora,EC,-0.7393,-90.3518,67.55,99,67,7.0,broken clouds
56,Ballina,AU,-28.8667,153.5667,63.01,67,70,15.23,broken clouds
57,Faya,SA,18.3851,42.4509,64.92,57,66,6.55,broken clouds
58,Dingle,PH,10.9995,122.6711,84.63,74,78,3.87,broken clouds
59,Nome,US,64.5011,-165.4064,66.16,67,0,14.97,clear sky
60,Shimoda,JP,34.6667,138.95,75.56,86,100,4.03,light rain
61,Albany,US,42.6001,-73.9662,66.78,78,2,4.14,clear sky
62,Macau,MO,22.2006,113.5461,90.86,79,20,6.91,few clouds
63,Kemijarvi,FI,66.7131,27.4306,54.75,95,4,5.84,clear sky
64,Lavrentiya,RU,65.5833,-171.0,52.02,64,93,17.38,overcast clouds
65,San Andres,CO,12.5847,-81.7006,82.42,83,75,13.8,broken clouds
66,Karasjok,NO,69.4719,25.5112,59.41,93,84,4.74,broken clouds
67,Sao Desiderio,BR,-12.3633,-44.9733,73.92,42,89,7.09,overcast clouds
68,Rocha,UY,-34.4833,-54.3333,56.75,99,100,6.26,overcast clouds
69,Beringovskiy,RU,63.05,179.3167,48.96,83,27,10.56,scattered clouds
70,Morden,CA,49.1919,-98.1014,71.46,78,98,1.14,overcast clouds
71,Mehamn,NO,71.0357,27.8492,53.55,100,100,5.75,overcast clouds
72,Esmeraldas,BR,-19.7625,-44.3139,65.26,76,12,7.96,few clouds
73,Blagodatnoye,RU,45.3997,42.5867,58.12,73,0,6.4,clear sky
74,Bagar,IN,28.1874,75.5005,88.79,57,90,12.82,overcast clouds
75,Kodinsk,RU,58.6881,99.1844,64.9,47,66,4.25,broken clouds
76,Kahului,US,20.8947,-156.47,84.22,70,40,23.02,scattered clouds
77,Georgetown,MY,5.4112,100.3354,84.88,86,20,2.3,few clouds
78,Palaikastron,GR,35.2,26.25,73.24,76,0,27.51,clear sky
79,Upernavik,GL,72.7868,-56.1549,37.22,95,45,10.07,scattered clouds
80,Kizilskoye,RU,52.7255,58.8937,70.38,78,100,1.23,overcast clouds
81,Klaksvik,FO,62.2266,-6.589,49.12,82,82,14.05,broken clouds
82,Nova Olinda Do Norte,BR,-3.8881,-59.0942,78.19,73,60,2.13,broken clouds
83,Manado,ID,1.487,124.8455,81.37,83,40,4.61,scattered clouds
84,Severo-Kurilsk,RU,50.6789,156.125,56.64,87,88,10.6,overcast clouds
85,Puerto Del Rosario,ES,28.5004,-13.8627,71.35,78,75,12.66,broken clouds
86,Jieshi,CN,22.8134,115.8257,86.43,74,98,12.64,overcast clouds
87,Cayenne,GF,4.9333,-52.3333,82.09,1,0,1.01,clear sky
88,Sarangani,PH,5.4033,125.4636,82.15,75,82,4.38,broken clouds
89,Saint-Augustin,CA,51.226,-58.6502,59.29,68,24,8.86,few clouds
90,Micheweni,TZ,-4.9667,39.8333,74.1,87,31,14.18,light rain
91,Meulaboh,ID,4.1363,96.1285,79.9,73,99,4.18,overcast clouds
92,Munak,IN,29.5187,76.8486,85.44,64,55,10.67,broken clouds
93,Nyaunglebin,MM,17.95,96.7333,80.8,83,85,4.92,overcast clouds
94,Sinnamary,GF,5.3833,-52.95,77.14,89,95,7.94,overcast clouds
95,Mubi,NG,10.2676,13.2644,72.25,88,100,5.48,overcast clouds
96,Hithadhoo,MV,-0.6,73.0833,83.25,74,67,13.89,broken clouds
97,Vaini,TO,-21.2,-175.2,80.76,94,40,10.36,scattered clouds
98,Sesheke,ZM,-17.4759,24.2968,51.22,57,2,2.93,clear sky
99,Tsumeb,NA,-19.2333,17.7167,54.77,36,0,8.41,clear sky
100,Kodiak,US,57.79,-152.4072,62.11,72,40,5.75,scattered clouds
101,Fukue,JP,32.6881,128.8419,80.96,94,75,6.91,mist
102,Ribeira Grande,PT,38.5167,-28.7,72.0,73,20,4.61,few clouds
103,Avarua,CK,-21.2078,-159.775,77.05,65,20,16.11,few clouds
104,Carnarvon,AU,-24.8667,113.6333,68.32,73,0,12.82,clear sky
105,Arraial Do Cabo,BR,-22.9661,-42.0278,70.99,89,7,21.39,clear sky
106,Guaruja,BR,-23.9931,-46.2564,69.89,26,9,2.35,clear sky
107,Fortuna,US,40.5982,-124.1573,61.99,83,100,1.99,overcast clouds
108,Coos Bay,US,43.3665,-124.2179,68.99,81,0,10.36,clear sky
109,Talnakh,RU,69.4865,88.3972,60.21,60,100,2.73,overcast clouds
110,Poum,NC,-20.2333,164.0167,72.88,57,0,19.8,clear sky
111,Noumea,NC,-22.2763,166.4572,75.18,99,13,15.52,few clouds
112,Kieta,PG,-6.2167,155.6333,86.0,62,100,6.87,overcast clouds
113,Lebu,CL,-37.6167,-73.65,41.99,90,100,7.09,light rain
114,Bredasdorp,ZA,-34.5322,20.0403,48.85,87,8,1.88,clear sky
115,Soure,BR,-0.7167,-48.5233,78.04,87,9,10.92,clear sky
116,Yellowknife,CA,62.456,-114.3525,70.32,52,75,11.5,broken clouds
117,Tecoanapa,MX,16.5167,-98.75,79.16,84,100,4.74,overcast clouds
118,Grand Forks,US,47.9417,-97.4337,69.53,88,100,6.91,overcast clouds
119,Ilulissat,GL,69.2167,-51.1,55.42,38,25,23.02,scattered clouds
120,Hurup,DK,56.7494,8.4195,52.72,67,0,28.99,clear sky
121,Bambous Virieux,MU,-20.3428,57.7575,68.25,83,40,11.5,light rain
122,Butaritari,KI,3.0707,172.7902,81.93,80,57,18.72,light rain
123,Emerald,AU,-23.5333,148.1667,62.35,49,0,11.63,clear sky
124,Manokwari,ID,-0.8667,134.0833,83.1,70,100,4.94,overcast clouds
125,Soyo,AO,-6.1349,12.3689,69.15,90,7,5.79,clear sky
126,Thompson,CA,55.7435,-97.8558,68.16,49,100,5.75,overcast clouds
127,Saint-Francois,FR,46.4154,3.9054,65.68,94,0,1.14,clear sky
128,Bluff,NZ,-46.6,168.3333,38.8,75,100,15.5,light rain
129,Bani Walid,LY,31.7566,13.9942,69.93,67,0,3.33,clear sky
130,Seoul,KR,37.5683,126.9778,81.79,71,40,2.3,scattered clouds
131,Port Augusta,AU,-32.5,137.7667,58.35,43,0,14.65,clear sky
132,Moose Factory,CA,51.2585,-80.6094,69.78,56,0,4.61,clear sky
133,Dikson,RU,73.5069,80.5464,43.43,76,40,10.2,scattered clouds
134,Pangnirtung,CA,66.1451,-65.7125,53.55,61,10,2.04,clear sky
135,Ankang,CN,32.68,109.0172,93.87,60,54,2.26,broken clouds
136,Lorengau,PG,-2.0226,147.2712,82.4,74,64,6.93,broken clouds
137,Yerbogachen,RU,61.2767,108.0108,63.99,56,92,5.35,overcast clouds
138,Castro,BR,-24.7911,-50.0119,56.08,81,37,4.76,scattered clouds
139,Longyearbyen,SJ,78.2186,15.6401,53.44,71,75,16.11,broken clouds
140,Wamba,NG,8.9333,8.6,70.61,95,39,2.24,scattered clouds
141,Bandrele,YT,-12.9067,45.1914,76.75,73,20,17.27,few clouds
142,Khatanga,RU,71.9667,102.5,54.12,52,76,5.97,broken clouds
143,Luxor,EG,25.6989,32.6421,78.85,36,0,3.44,clear sky
144,Corowa,AU,-36.0333,146.3833,47.41,89,6,2.59,clear sky
145,Xining,CN,36.6167,101.7667,59.61,92,100,0.92,overcast clouds
146,Lowestoft,GB,52.4752,1.7516,56.41,82,45,6.31,scattered clouds
147,Rio Gallegos,AR,-51.6226,-69.2181,26.65,93,40,4.61,scattered clouds
148,Gandu,BR,-13.7439,-39.4867,66.29,95,91,2.46,overcast clouds
149,Airai,TL,-8.9266,125.4092,67.1,58,32,3.96,scattered clouds
150,Anqing,CN,30.5092,117.0506,95.05,56,100,8.52,overcast clouds
151,Chapais,CA,49.7834,-74.8492,64.18,56,80,4.27,broken clouds
152,Camacha,PT,33.0833,-16.3333,67.42,83,40,11.5,scattered clouds
153,Norman Wells,CA,65.282,-126.8329,51.84,76,100,10.36,overcast clouds
154,Port Alfred,ZA,-33.5906,26.891,56.03,83,1,10.85,clear sky
155,Ucluelet,CA,48.9329,-125.5528,62.1,81,99,4.59,overcast clouds
156,Mar Del Plata,AR,-38.0023,-57.5575,54.09,98,100,3.0,drizzle
157,Sitka,US,57.0531,-135.33,64.29,55,100,8.05,overcast clouds
158,Bireun,ID,5.203,96.7009,82.72,53,52,2.01,broken clouds
159,Santa Cruz Cabralia,BR,-16.2781,-39.0247,71.83,78,40,2.3,scattered clouds
160,Jacareacanga,BR,-6.2222,-57.7528,75.16,62,8,2.42,clear sky
161,Cherskiy,RU,68.75,161.3,57.15,39,21,2.89,few clouds
162,Esperance,AU,-33.8667,121.9,58.84,72,46,25.57,scattered clouds
163,Akyab,MM,20.15,92.9,82.89,80,96,17.67,overcast clouds
164,Kununurra,AU,-15.7667,128.7333,71.58,21,32,17.27,scattered clouds
165,Vila Franca Do Campo,PT,37.7167,-25.4333,72.19,91,76,9.64,broken clouds
166,Nantucket,US,41.2835,-70.0995,75.31,97,100,6.91,fog
167,Sioux Lookout,CA,50.1001,-91.917,69.87,64,75,2.3,broken clouds
168,Russkaya Polyana,UA,49.417,31.9201,60.06,79,26,7.07,scattered clouds
169,Mount Isa,AU,-20.7333,139.5,62.37,25,42,12.66,scattered clouds
170,Svetlogorsk,BY,52.6333,29.7333,52.23,93,36,4.74,scattered clouds
171,Ratnagiri,IN,16.9833,73.3,80.11,85,100,20.76,overcast clouds
172,Samarai,PG,-10.6167,150.6667,77.31,66,100,18.86,overcast clouds
173,Sept-Iles,CA,50.2001,-66.3821,58.05,91,75,5.75,broken clouds
174,Ordzhonikidzevskaya,RU,43.3211,45.0522,68.34,73,100,1.54,overcast clouds
175,Imbituba,BR,-28.24,-48.6703,65.86,99,100,11.99,overcast clouds
176,Sidi Ali,DZ,36.0998,0.4206,73.89,57,0,6.51,clear sky
177,Tuatapere,NZ,-46.1333,167.6833,42.96,87,100,9.78,overcast clouds
178,Coquimbo,CL,-29.9533,-71.3436,51.53,100,100,16.11,moderate rain
179,Anadyr,RU,64.75,177.4833,55.9,82,75,11.18,broken clouds
180,Vanimo,PG,-2.6741,141.3028,82.42,78,69,2.57,broken clouds
181,Sur,OM,22.5667,59.5289,88.59,60,100,5.91,overcast clouds
182,Bismarck,US,46.8083,-100.7837,82.24,72,0,13.8,clear sky
183,Denpasar,ID,-8.65,115.2167,82.06,83,75,18.41,broken clouds
184,Lompoc,US,34.6391,-120.4579,79.02,79,0,14.97,mist
185,Hamilton,US,39.1834,-84.5333,75.83,67,0,2.95,clear sky
186,Hasaki,JP,35.7333,140.8333,82.29,83,100,8.12,heavy intensity rain
187,Chokurdakh,RU,70.6333,147.9167,66.47,48,100,10.49,overcast clouds
188,Colac,AU,-38.3333,143.5833,48.83,74,90,7.61,overcast clouds
189,Atuona,PF,-9.8,-139.0333,77.54,68,17,14.32,few clouds
190,Port Hedland,AU,-20.3167,118.5667,71.65,30,59,9.22,broken clouds
191,Pochutla,MX,15.7432,-96.4661,74.61,93,100,6.91,overcast clouds
192,Kapuskasing,CA,49.4169,-82.4331,68.09,52,20,5.75,few clouds
193,Srednekolymsk,RU,67.45,153.6833,66.18,38,65,5.97,broken clouds
194,Busayra,JO,30.7376,35.6078,61.77,81,0,3.78,clear sky
195,Ostrovnoy,RU,68.0531,39.5131,59.85,81,18,12.88,few clouds
196,Pisco,PE,-13.7,-76.2167,61.02,82,0,16.11,clear sky
197,Shelburne,CA,44.0787,-80.2041,65.19,75,0,4.79,clear sky
198,Hami,CN,42.8,93.45,85.75,14,4,8.46,clear sky
199,Makakilo City,US,21.3469,-158.0858,84.52,60,40,19.57,scattered clouds
200,Naukot,PK,24.8587,69.4024,84.47,76,100,4.92,overcast clouds
201,Chegdomyn,RU,51.1167,133.0167,81.18,54,3,2.42,clear sky
202,Longyan,CN,25.1072,117.0225,86.77,73,100,2.64,overcast clouds
203,Hutchinson,US,38.0608,-97.9298,96.75,26,0,13.8,clear sky
204,Maniitsoq,GL,65.4167,-52.9,45.28,71,0,8.46,clear sky
205,Bubaque,GW,11.2833,-15.8333,80.13,83,94,9.48,light rain
206,Thohoyandou,ZA,-22.9456,30.485,54.91,55,0,6.26,clear sky
207,Umm Lajj,SA,25.0213,37.2685,82.54,68,13,6.51,few clouds
208,Thabazimbi,ZA,-24.5917,27.4116,52.95,31,0,4.52,clear sky
209,Prince Albert,CA,53.2001,-105.7677,75.15,46,75,5.75,broken clouds
210,Amla,IN,21.9333,78.1167,72.54,94,100,8.19,overcast clouds
211,Souillac,MU,-20.5167,57.5167,68.38,83,40,11.5,light rain
212,Coro,VE,11.4045,-69.6734,76.12,89,5,12.3,clear sky
213,Idlib,SY,35.9306,36.6339,70.54,76,0,6.93,clear sky
214,Tura,IN,25.5198,90.2201,81.1,81,57,2.86,broken clouds
215,Qaqortoq,GL,60.7167,-46.0333,45.95,79,100,1.14,overcast clouds
216,Kalmunai,LK,7.4167,81.8167,82.08,57,82,1.54,broken clouds
217,Cameta,BR,-2.2444,-49.4958,77.77,85,93,6.24,heavy intensity rain
218,Zhigalovo,RU,54.8097,105.1578,57.49,87,100,1.28,overcast clouds
219,Saint Anthony,US,45.0205,-93.218,79.75,69,20,13.8,few clouds
220,Atasu,KZ,48.6814,71.6433,77.56,23,6,4.32,clear sky
221,Townsville,AU,-19.25,146.8,67.08,34,20,5.75,few clouds
222,George Town,MY,5.4112,100.3354,85.93,85,20,2.3,few clouds
223,Portland,US,45.5234,-122.6762,86.56,38,20,9.22,few clouds
224,Yelizovo,RU,53.1873,158.3805,78.94,57,0,11.18,clear sky
225,Barao De Melgaco,BR,-16.1944,-55.9675,72.82,39,58,5.19,broken clouds
226,Beloha,MG,-25.1667,45.05,59.76,86,0,2.13,clear sky
227,Mayumba,GA,-3.432,10.6554,70.3,91,100,3.27,overcast clouds
228,Marawi,PH,7.9986,124.2928,79.43,70,72,3.29,broken clouds
229,Suez,EG,29.9737,32.5263,70.32,75,0,7.92,clear sky
230,Baltasi,RU,56.3462,50.2062,62.65,91,100,14.29,overcast clouds
231,Praia,CV,14.9215,-23.5087,75.74,73,75,11.5,broken clouds
232,Chimbote,PE,-9.0853,-78.5783,61.29,84,61,13.06,broken clouds
233,Ewa Beach,US,21.3156,-158.0072,85.95,59,75,19.57,broken clouds
234,Voykove,UA,45.3826,36.4372,72.32,57,0,5.1,clear sky
235,Chute-Aux-Outardes,CA,49.1168,-68.399,57.18,94,100,3.44,overcast clouds
236,Henties Bay,NA,-22.116,14.2845,60.28,64,0,4.38,clear sky
237,Nouadhibou,MR,20.931,-17.0347,67.78,88,6,18.61,clear sky
238,Hlukhiv,UA,51.6782,33.9162,55.72,95,0,6.51,clear sky
239,Gamba,GA,-2.65,10.0,69.49,92,74,3.58,broken clouds
240,Hofn,IS,64.2539,-15.2082,49.08,75,4,3.38,clear sky
241,Saint George,US,37.1041,-113.5841,90.19,41,0,28.77,haze
242,Tuktoyaktuk,CA,69.4541,-133.0374,39.2,81,75,19.57,broken clouds
243,Port Lincoln,AU,-34.7333,135.8667,56.32,50,98,15.68,overcast clouds
244,Wuchi,CN,29.3786,103.023,74.62,75,60,0.34,broken clouds
245,Rafaela,AR,-31.2503,-61.4867,55.0,54,44,3.0,scattered clouds
246,Mawlaik,MM,23.6333,94.4167,87.24,65,87,1.95,overcast clouds
247,Dong Hoi,VN,17.4833,106.6,83.64,79,100,2.75,overcast clouds
248,Hovd,MN,48.0056,91.6419,56.64,46,0,3.36,clear sky
249,Jurado,CO,7.1053,-77.7641,77.22,91,100,3.8,light rain
250,Cidreira,BR,-30.1811,-50.2056,61.21,97,100,15.48,overcast clouds
251,Aguas Formosas,BR,-17.0822,-40.9358,63.75,96,44,2.06,scattered clouds
252,Victoria,HK,22.2855,114.1577,90.97,84,98,3.0,overcast clouds
253,Bengkulu,ID,-3.8004,102.2655,77.85,88,100,3.33,overcast clouds
254,Northam,GB,51.0333,-4.2167,57.61,82,3,6.44,clear sky
255,Ariquemes,BR,-9.9133,-63.0408,74.97,56,21,0.81,few clouds
256,Kolokani,ML,13.5728,-8.0339,75.02,77,100,1.66,moderate rain
257,Lethem,GY,3.3803,-59.7968,75.11,92,100,5.23,overcast clouds
258,Batagay,RU,67.6333,134.6333,77.74,40,7,1.32,clear sky
259,Safaga,EG,26.7292,33.9365,83.23,45,0,18.68,clear sky
260,Port Elizabeth,ZA,-33.918,25.5701,52.09,91,0,5.75,clear sky
261,Grand Gaube,MU,-20.0064,57.6608,68.4,66,4,5.01,clear sky
262,Abilene,US,32.4487,-99.7331,84.42,54,0,13.8,clear sky
263,Nanortalik,GL,60.1432,-45.2371,44.29,79,98,7.96,overcast clouds
264,Aklavik,CA,68.2191,-135.0107,46.6,60,93,17.96,overcast clouds
265,Cozumel,MX,20.5083,-86.9458,82.0,83,100,5.99,overcast clouds
266,Itoman,JP,26.1247,127.6694,88.57,82,75,9.22,broken clouds
267,Valparaiso,CL,-33.0393,-71.6273,50.47,88,100,8.05,overcast clouds
268,Katsuura,JP,35.1333,140.3,75.22,89,100,7.87,moderate rain
269,Pringsewu,ID,-5.3582,104.9744,82.83,75,41,2.19,scattered clouds
270,Caravelas,BR,-17.7125,-39.2481,69.78,80,5,5.12,clear sky
271,Kawalu,ID,-7.3817,108.2082,76.68,91,87,3.09,overcast clouds
272,Korla,CN,41.7597,86.1469,77.5,39,98,0.76,overcast clouds
273,Ulladulla,AU,-35.35,150.4667,56.7,46,0,1.14,clear sky
274,Tamworth,GB,52.634,-1.6959,54.63,81,78,1.99,broken clouds
275,Tiksi,RU,71.6872,128.8694,53.71,68,63,16.37,broken clouds
276,Honningsvag,NO,70.9821,25.9704,51.55,100,100,5.75,overcast clouds
277,Delta,NG,5.5,6.0,72.66,96,100,3.11,overcast clouds
278,Chicama,PE,-7.8447,-79.1469,59.54,83,50,8.21,scattered clouds
279,Joshimath,IN,30.5667,79.5667,76.08,57,26,1.86,scattered clouds
280,Fairbanks,US,64.8378,-147.7164,70.02,35,75,11.5,smoke
281,Umm Kaddadah,SD,13.6017,26.6876,83.3,54,100,11.86,overcast clouds
282,Rio Grande,BR,-32.035,-52.0986,59.95,99,100,12.46,overcast clouds
283,Batman,TR,37.8874,41.1322,67.8,60,0,3.44,clear sky
284,Veraval,IN,20.9,70.3667,81.23,89,100,21.65,heavy intensity rain
285,Bontang,ID,0.1333,117.5,81.84,74,93,3.51,overcast clouds
286,Yerofey Pavlovich,RU,53.9667,121.9667,74.71,62,100,4.54,light rain
287,Port Blair,IN,11.6667,92.75,82.44,83,100,6.91,moderate rain
288,Shizunai,JP,42.3339,142.3669,70.16,73,100,19.64,overcast clouds
289,Luderitz,NA,-26.6481,15.1594,62.47,46,7,6.06,clear sky
290,Melchor De Mencos,GT,17.0686,-89.1522,77.4,79,100,5.57,overcast clouds
291,Maldonado,UY,-34.6667,-54.9167,59.23,98,100,7.61,overcast clouds
292,Saskylakh,RU,71.9167,114.0833,52.05,58,22,7.02,few clouds
293,Nishihara,JP,26.1842,127.7558,87.85,81,75,16.11,broken clouds
294,Sulangan,PH,11.1373,123.7228,83.77,71,98,1.25,overcast clouds
295,Baykit,RU,61.67,96.37,59.63,67,48,3.78,light rain
296,Motala,SE,58.5371,15.0365,51.57,83,57,11.81,broken clouds
297,Sao Miguel,BR,-5.4667,-35.3667,75.97,84,51,14.45,broken clouds
298,Newport,GB,51.5877,-2.9984,57.09,77,32,3.76,scattered clouds
299,Dwarka,IN,22.2394,68.9678,82.4,84,100,8.41,overcast clouds
300,Kerouane,GN,9.2667,-9.0167,68.97,97,96,4.43,overcast clouds
301,Solnechnyy,RU,50.7214,136.6319,71.73,79,83,7.05,broken clouds
302,Araquari,BR,-26.3703,-48.7211,71.06,100,100,0.0,overcast clouds
303,Maltahohe,NA,-24.8333,16.9833,49.82,40,0,8.14,clear sky
304,Tezu,IN,27.9167,96.1667,89.92,60,5,1.99,clear sky
305,Flin Flon,CA,54.7682,-101.865,74.08,36,10,6.02,clear sky
306,Faanui,PF,-16.4833,-151.75,77.5,62,41,25.32,scattered clouds
307,Leningradskiy,RU,69.3833,178.4167,37.22,74,46,8.77,scattered clouds
308,Sao Joao Da Barra,BR,-21.6403,-41.0511,71.76,86,6,13.96,clear sky
309,Macas,EC,-2.3167,-78.1167,66.34,97,53,2.46,broken clouds
310,Bohuslav,UA,49.5494,30.8744,60.31,81,34,6.06,scattered clouds
311,Lanivtsi,UA,49.8633,26.0908,61.29,94,80,8.25,broken clouds
312,Edson,CA,53.5835,-116.4356,77.14,31,0,3.44,clear sky
313,Imeni Poliny Osipenko,RU,52.4201,136.4853,65.93,95,100,8.21,overcast clouds
314,Lata,PT,40.1629,-8.3327,72.07,50,75,2.19,broken clouds
315,Palora,EC,-1.7,-77.9333,64.56,97,45,2.98,scattered clouds
316,Egvekinot,RU,66.3167,-179.1667,50.34,50,37,1.61,scattered clouds
317,Fuerte Olimpo,PY,-21.0415,-57.8738,83.68,28,70,11.01,broken clouds
318,Kenora,CA,49.8167,-94.4337,70.77,56,75,6.91,broken clouds
319,Kismayo,SO,-0.3582,42.5454,75.43,85,92,18.77,light rain
320,Ixtapa,MX,20.7,-105.2,78.55,95,87,1.25,overcast clouds
321,Namatanai,PG,-3.6667,152.4333,84.45,67,100,8.63,overcast clouds
322,Roald,NO,62.5833,6.1333,51.94,82,75,10.36,broken clouds
323,Manavalakurichi,IN,8.1333,77.3,79.14,81,83,15.23,broken clouds
324,Kamensk-Uralskiy,RU,56.4185,61.9329,69.78,87,100,3.6,overcast clouds
325,Alta,NO,69.9689,23.2717,52.86,100,100,13.8,light rain
326,Yumen,CN,40.2833,97.2,62.82,76,100,9.22,overcast clouds
327,Olinda,BR,-8.0089,-34.8553,74.93,83,40,6.91,scattered clouds
328,East London,ZA,-33.0153,27.9116,58.5,71,0,10.29,clear sky
329,Karla,EE,59.3723,24.9275,51.76,93,0,6.91,clear sky
330,Najran,SA,17.4924,44.1277,79.45,40,99,9.19,overcast clouds
331,Havelock,US,34.8791,-76.9013,82.38,93,20,5.75,few clouds
332,Pitimbu,BR,-7.4706,-34.8086,73.99,84,10,12.44,clear sky
333,Edd,ER,13.9297,41.6925,91.24,55,99,4.29,overcast clouds
334,Hobyo,SO,5.3505,48.5268,77.25,81,98,21.7,overcast clouds
335,Tessalit,ML,20.1986,1.0114,91.26,36,11,16.78,few clouds
336,Zhanaozen,KZ,43.3,52.8,84.52,29,83,11.7,broken clouds
337,Vestmannaeyjar,IS,63.4427,-20.2734,50.11,78,99,5.86,overcast clouds
338,Oistins,BB,13.0667,-59.5333,82.49,78,75,20.71,broken clouds
339,Camp Verde,US,34.5636,-111.8543,82.18,67,100,7.9,overcast clouds
340,Buinsk,RU,54.95,48.2833,59.94,90,60,13.2,broken clouds
341,Maumere,ID,-8.6199,122.2111,81.05,67,61,5.66,broken clouds
342,Oga,IT,46.4631,10.347,59.81,81,0,3.15,clear sky
343,Joao Pinheiro,BR,-17.7425,-46.1725,63.46,42,10,4.74,clear sky
344,Emirdag,TR,39.0197,31.15,60.49,67,0,3.8,clear sky
345,College,US,64.8569,-147.8028,70.0,36,75,11.5,broken clouds
346,Salinas,US,36.6777,-121.6555,83.01,66,0,6.4,clear sky
347,Yulara,AU,-25.2406,130.9889,57.72,23,3,8.5,clear sky
348,Winnemucca,US,40.973,-117.7357,98.65,4,20,17.27,few clouds
349,Bektemir,UZ,41.2097,69.3342,78.85,38,0,6.91,clear sky
350,Karratha,AU,-20.7377,116.8463,71.4,29,64,14.29,broken clouds
351,Road Town,VG,18.4167,-64.6167,82.44,89,20,9.22,few clouds
352,Avera,US,33.194,-82.5271,75.54,86,95,3.47,overcast clouds
353,Nelson Bay,AU,-32.7167,152.15,62.01,65,2,10.0,clear sky
354,Joensuu,FI,62.6012,29.7632,59.49,100,40,3.44,scattered clouds
355,Oussouye,SN,12.485,-16.5469,77.18,88,100,3.6,overcast clouds
356,Adrar,MR,20.5022,-10.0711,94.28,29,68,15.35,broken clouds
357,Adre,TD,13.4667,22.2,72.91,84,100,5.55,moderate rain
358,Yarada,IN,17.65,83.2667,82.72,74,75,3.44,broken clouds
359,Komsomolskiy,UZ,40.4272,71.7189,77.72,36,0,2.3,clear sky
360,Salta,AR,-24.7859,-65.4117,56.59,24,0,5.26,clear sky
361,Weligama,LK,5.9667,80.4167,77.92,89,100,9.06,overcast clouds
362,Sorland,NO,67.667,12.6934,49.86,83,100,18.84,light rain
363,Shingu,JP,33.7333,135.9833,77.2,94,100,1.72,light rain
364,De Aar,ZA,-30.6497,24.0123,45.34,58,0,5.46,clear sky
365,Vinh,VN,18.6667,105.6667,83.35,80,85,2.46,overcast clouds
366,Camargo,MX,27.6667,-105.1667,89.87,19,6,19.77,clear sky
367,Sao Joao Dos Patos,BR,-6.495,-43.7022,71.4,52,18,3.18,few clouds
368,Sangueya,GN,10.7,-14.3667,74.59,96,100,2.98,overcast clouds
369,Saravena,CO,6.9538,-71.8752,74.41,84,49,2.3,scattered clouds
370,Chabahar,IR,25.2919,60.643,84.72,81,100,14.12,overcast clouds
371,Agua Prieta,MX,31.3,-109.5667,85.37,30,91,8.01,overcast clouds
372,Muisne,EC,0.6,-80.0333,73.62,87,100,7.76,overcast clouds
373,Baherden,TM,38.4362,57.4316,86.02,19,0,6.08,clear sky
374,Mount Gambier,AU,-37.8333,140.7667,53.15,66,95,8.97,overcast clouds
375,Kashi,CN,39.4547,75.9797,67.21,59,40,6.71,scattered clouds
376,Beaverlodge,CA,55.2166,-119.4361,70.95,62,99,7.18,overcast clouds
377,Sabha,LY,27.0377,14.4283,75.22,39,2,17.22,clear sky
378,Itarema,BR,-2.9248,-39.9167,78.64,78,8,13.87,clear sky
379,Ahipara,NZ,-35.1667,173.1667,58.73,61,98,7.65,overcast clouds
380,Villa Maria,AR,-32.4075,-63.2402,49.82,78,100,9.06,overcast clouds
381,Tagusao,PH,9.1924,117.8141,83.82,73,99,1.99,overcast clouds
382,Sangar,RU,63.9242,127.4739,74.5,62,7,3.38,clear sky
383,Saldanha,ZA,-33.0117,17.9442,46.45,83,3,8.77,clear sky
384,Dongsheng,CN,39.8161,109.9776,76.68,53,63,8.52,broken clouds
385,Isangel,VU,-19.55,169.2667,76.46,79,55,10.22,broken clouds
386,Palia Kalan,IN,28.45,80.5833,87.73,61,13,8.34,few clouds
387,Atchison,US,39.563,-95.1216,86.58,64,44,8.75,scattered clouds
388,Pacific Grove,US,36.6177,-121.9166,75.24,78,19,8.99,few clouds
389,Imeni Babushkina,RU,59.7573,43.1285,58.78,87,100,4.14,overcast clouds
390,Geraldton,AU,-28.7667,114.6,63.01,77,75,9.22,broken clouds
391,Aktau,KZ,43.65,51.2,77.58,72,6,17.2,clear sky
392,Zhangye,CN,38.9342,100.4517,65.19,73,100,16.82,overcast clouds
393,Thinadhoo,MV,0.5333,72.9333,83.44,74,94,12.01,overcast clouds
394,Cockburn Town,TC,21.4612,-71.1419,81.72,78,100,20.56,overcast clouds
395,Viedma,AR,-40.8135,-62.9967,47.48,85,100,13.62,light rain
396,Vangaindrano,MG,-23.35,47.6,61.97,92,0,4.05,clear sky
397,Maningrida,AU,-12.0667,134.2667,77.81,48,55,14.63,broken clouds
398,Ponta Delgada,PT,37.7333,-25.6667,71.51,83,20,4.61,few clouds
399,Lashio,MM,22.9333,97.75,78.49,78,35,1.63,scattered clouds
400,Sovetskiy,RU,61.3614,63.5842,72.12,65,74,4.9,broken clouds
401,Svetlaya,RU,46.5389,138.3297,59.22,98,100,14.05,light rain
402,Zaria,NG,11.1113,7.7227,70.14,90,83,7.38,broken clouds
403,Shupiyan,IN,33.7167,74.8333,62.96,81,75,1.41,broken clouds
404,Storforshei,NO,66.4043,14.5233,49.78,81,100,12.66,light rain
405,Manoel Urbano,BR,-8.8389,-69.2597,75.56,80,69,2.95,broken clouds
406,Ngunguru,NZ,-35.6167,174.5,59.29,60,100,6.93,overcast clouds
407,Elat,IL,29.5581,34.9482,80.44,54,0,8.05,clear sky
408,Mitsamiouli,KM,-11.3847,43.2844,76.98,68,6,8.39,clear sky
409,Touros,BR,-5.1989,-35.4608,74.57,82,36,13.82,scattered clouds
410,Jiayuguan,CN,39.8167,98.3,61.11,81,100,11.14,overcast clouds
411,Flinders,AU,-34.5833,150.8552,61.18,59,0,7.0,clear sky
412,Lasa,IT,46.6166,10.7002,62.37,78,1,4.56,clear sky
413,Zunyi,CN,27.6867,106.9072,78.51,77,72,9.71,broken clouds
414,Simpang,ID,-1.2667,104.0833,75.06,97,100,5.7,overcast clouds
415,Kamareddi,IN,18.3167,78.35,72.86,90,100,17.31,overcast clouds
416,Hwange,ZW,-18.3693,26.5019,55.35,43,5,4.12,clear sky
417,Conde,BR,-7.2597,-34.9075,72.86,88,0,6.91,clear sky
418,Astana,KZ,51.1801,71.446,69.75,64,0,4.47,clear sky
419,Ayan,RU,56.45,138.1667,61.92,91,97,5.1,overcast clouds
420,Bonfim,BR,3.0833,-59.95,74.53,94,100,3.27,overcast clouds
421,Monroe,US,43.1501,-77.6831,66.96,72,0,3.13,clear sky
422,Andenes,NO,69.3143,16.1194,51.78,93,100,16.11,light intensity drizzle
423,Ashland,US,40.8167,-82.2665,65.97,82,0,5.26,clear sky
424,Kaitangata,NZ,-46.2817,169.8464,39.47,95,100,8.28,overcast clouds
425,Lipin Bor,RU,60.2622,37.9763,57.42,82,100,5.5,overcast clouds
426,Chernyshevskiy,RU,63.0128,112.4714,57.81,95,100,2.59,light rain
427,Bathsheba,BB,13.2167,-59.5167,83.01,90,75,20.71,broken clouds
428,Torbat-E Jam,IR,35.244,60.6225,77.05,22,0,14.92,clear sky
429,Narsaq,GL,60.9167,-46.05,47.86,64,100,5.03,overcast clouds
430,Wagar,SD,16.1525,36.2032,79.09,64,74,12.37,broken clouds
431,Tucurui,BR,-3.7661,-49.6725,75.9,80,27,2.46,scattered clouds
432,Launceston,AU,-41.45,147.1667,57.61,71,75,14.97,broken clouds
433,Goderich,CA,43.7501,-81.7165,64.9,88,0,4.61,clear sky
434,Broken Hill,AU,-31.95,141.4333,53.29,43,0,3.89,clear sky
435,Polewali,ID,-3.4324,119.3435,79.12,85,100,1.79,overcast clouds
436,Cabedelo,BR,-6.9811,-34.8339,74.07,85,4,12.93,clear sky
437,San Patricio,US,28.017,-97.5169,86.54,63,39,13.13,scattered clouds
438,Antipolo,PH,14.5864,121.1753,84.99,78,75,4.61,broken clouds
439,Aykhal,RU,66.0,111.5,50.72,95,100,13.42,moderate rain
440,Maple Creek,CA,49.9168,-109.4848,82.81,51,0,5.75,clear sky
441,Charters Towers,AU,-20.1,146.2667,61.84,34,43,10.2,scattered clouds
442,Tyrma,RU,50.0833,132.1667,78.46,63,78,6.29,broken clouds
443,Poltava,UA,49.5937,34.5407,56.73,86,3,7.07,clear sky
444,Maturin,VE,9.75,-63.1767,73.26,90,36,5.08,scattered clouds
445,Kavaratti,IN,10.5669,72.642,82.13,77,84,20.29,broken clouds
446,Padang,ID,-0.9492,100.3543,82.45,76,100,3.53,overcast clouds
447,Zarand,IR,30.8127,56.564,69.21,24,0,3.11,clear sky
448,Sampit,ID,-2.5333,112.95,83.41,64,47,3.13,scattered clouds
449,Kapit,MY,2.0167,112.9333,86.38,61,61,1.39,broken clouds
450,Asfi,MA,32.2994,-9.2372,69.26,91,95,10.27,overcast clouds
451,Skowhegan,US,44.7651,-69.7192,64.38,96,4,1.36,clear sky
452,Guna,IN,24.65,77.3167,81.64,75,100,9.08,overcast clouds
453,Kemin,KG,42.7846,75.6892,73.33,40,0,6.71,clear sky
454,Kolda,SN,12.8833,-14.95,75.9,94,100,4.05,overcast clouds
455,Lagos,NG,6.5833,3.75,74.53,91,100,5.32,overcast clouds
456,Evensk,RU,61.95,159.2333,75.22,43,72,9.84,broken clouds
457,Teguise,ES,29.0605,-13.564,68.22,78,0,19.57,clear sky
458,Clyde River,CA,70.4692,-68.5914,43.03,81,0,6.91,clear sky
459,Narragansett,US,41.4501,-71.4495,74.82,67,41,1.01,scattered clouds
460,Nizamabad,IN,18.6667,78.1167,74.3,90,99,15.21,overcast clouds
461,Tutin,RS,42.9903,20.3314,56.37,61,13,3.71,few clouds
462,Tucuman,AR,-26.8241,-65.2226,57.2,54,0,5.75,smoke
463,Acajutla,SV,13.5928,-89.8275,79.75,81,100,3.49,overcast clouds
464,Desna,UA,50.9273,30.7605,62.85,88,36,1.36,scattered clouds
465,Tarabuco,BO,-19.1667,-64.9167,49.21,30,34,8.08,scattered clouds
466,Zambezi,ZM,-13.5432,23.1047,49.3,69,0,4.92,clear sky
467,Bemidji,US,47.4736,-94.8803,68.09,90,0,4.61,clear sky
468,Rawson,AR,-43.3002,-65.1023,43.25,78,100,18.25,light rain
469,Boa Vista,BR,2.8197,-60.6733,78.78,78,40,3.44,scattered clouds
470,Maloy,NO,61.9353,5.1136,49.73,74,16,8.48,light rain
471,Catamarca,AR,-28.4696,-65.7852,55.78,42,0,1.01,clear sky
472,Constitucion,CL,-35.3333,-72.4167,46.0,85,95,6.22,overcast clouds
473,Margate,GB,51.3813,1.3862,58.3,86,72,2.08,broken clouds
474,Kaeo,NZ,-35.1,173.7833,64.33,72,99,4.72,overcast clouds
475,Penzance,GB,50.1186,-5.5371,57.88,76,100,10.74,overcast clouds
476,Guerrero Negro,MX,27.9769,-114.0611,68.02,78,5,18.66,clear sky
477,Xuddur,SO,4.1213,43.8894,70.5,85,94,18.99,overcast clouds
478,Buenos Aires,AR,-34.6132,-58.3772,55.13,90,20,3.44,few clouds
479,Namtsy,RU,62.7161,129.6658,72.41,71,94,3.56,overcast clouds
480,Dongfeng,CN,42.6403,125.5118,70.38,83,74,5.48,broken clouds
481,Kamenka,RU,51.3223,42.7678,55.72,96,2,10.63,clear sky
482,Kalga,RU,50.9251,118.898,69.67,81,100,5.64,light rain
483,Kavieng,PG,-2.5744,150.7967,83.62,71,53,10.33,moderate rain
484,Kidal,ML,18.4411,1.4078,83.68,50,26,16.22,scattered clouds
485,Sharkan,RU,57.2989,53.8712,68.61,88,100,7.2,overcast clouds
486,Atikokan,CA,48.7555,-91.6216,62.76,64,99,6.22,overcast clouds
487,Ferrol,ES,43.4832,-8.2369,72.59,87,100,15.66,overcast clouds
488,Eyl,SO,7.9803,49.8164,79.63,69,100,22.7,overcast clouds
489,San Cristobal,VE,7.7669,-72.225,75.38,86,46,1.43,scattered clouds
490,Sabang,ID,5.8933,95.3214,82.89,74,79,17.56,broken clouds
491,Chazuta,PE,-6.5742,-76.1367,77.85,83,24,1.5,few clouds
492,Olafsvik,IS,64.8945,-23.7142,49.53,78,98,4.54,overcast clouds
493,Statesboro,US,32.4488,-81.7832,78.33,78,40,0.0,scattered clouds
494,Pecos,US,31.4229,-103.4932,96.89,19,0,9.22,clear sky
495,Tabas,IR,33.5959,56.9244,81.43,20,0,6.38,clear sky
496,Copiapo,CL,-27.3667,-70.3333,49.69,65,100,1.36,overcast clouds
497,Partapur,IN,23.6,74.1667,80.04,88,100,7.54,moderate rain
498,Floro,NO,61.5996,5.0328,49.96,87,100,11.5,overcast clouds
499,Gazanjyk,TM,39.2446,55.5154,85.26,19,0,5.61,clear sky
500,Ambanja,MG,-13.6833,48.45,64.89,83,5,4.29,clear sky
501,Grindavik,IS,63.8424,-22.4338,48.15,87,75,0.0,broken clouds
502,Verkhoyansk,RU,67.5447,133.385,76.73,44,7,1.01,clear sky
503,Talara,PE,-4.5772,-81.2719,63.91,84,5,17.98,clear sky
504,Chara,RU,56.9064,118.2631,70.43,63,98,4.25,overcast clouds
505,Dunedin,NZ,-45.8742,170.5036,43.81,79,100,13.0,overcast clouds
506,San Carlos De Bariloche,AR,-41.1456,-71.3082,31.75,80,75,10.36,light snow
507,Marfino,RU,55.7028,37.3822,59.14,87,0,8.95,clear sky
508,Marienburg,PL,54.0359,19.0266,59.11,91,98,11.41,overcast clouds
509,Aragats,AM,40.4889,44.3528,60.37,72,1,5.64,clear sky
510,Hatillo,PR,18.4863,-66.8254,79.39,96,42,3.0,scattered clouds
511,Itaituba,BR,-4.2761,-55.9836,77.56,69,97,2.48,overcast clouds
512,Caconda,AO,-13.7333,15.0667,49.87,50,0,5.17,clear sky
513,Luzhou,CN,28.8724,105.4405,90.79,64,72,4.85,broken clouds
514,Ayorou,NE,14.7308,0.9174,89.38,40,22,1.92,few clouds
515,Siverskiy,RU,59.3544,30.0783,49.44,96,93,4.52,overcast clouds
516,Inhambane,MZ,-23.865,35.3833,64.92,68,0,6.51,clear sky
517,Morogoro,TZ,-6.8167,37.6667,63.48,84,28,1.97,scattered clouds
518,Puerto Leguizamo,CO,-0.1934,-74.7819,72.07,97,74,1.43,broken clouds
519,Benoy,TD,8.9833,16.3199,72.03,95,100,2.04,moderate rain
520,Guaranesia,BR,-21.2992,-46.8025,61.86,59,9,5.7,clear sky
521,Riyadh,SA,24.6877,46.7219,87.94,14,21,7.72,few clouds
522,Vievis,LT,54.7667,24.8,54.16,97,39,8.12,scattered clouds
523,Atar,MR,20.5169,-13.0499,89.71,36,97,16.11,overcast clouds
524,Fort Collins,US,40.5853,-105.0844,82.56,61,78,10.33,broken clouds
525,Kostino,RU,58.9097,53.2691,64.81,98,100,9.44,light rain
526,Marica,BR,-22.9194,-42.8186,73.31,87,8,12.64,clear sky
527,Kendari,ID,-3.945,122.4989,76.51,92,100,1.81,heavy intensity rain
528,Harnai,PK,30.1005,67.9374,82.31,60,98,1.05,overcast clouds
529,Petropavlovsk-Kamchatskiy,RU,53.0452,158.6483,77.59,57,0,11.18,clear sky
530,Kailua,US,21.4022,-157.7394,83.61,75,55,8.01,broken clouds
531,Narrabri,AU,-30.3167,149.7833,59.52,56,0,3.0,clear sky
532,Half Moon Bay,US,37.4636,-122.4286,76.53,74,0,17.27,haze
533,Fuling,CN,29.7022,107.3919,90.16,62,100,1.57,overcast clouds
534,Kasiri,SL,8.9412,-13.1148,75.69,90,100,3.65,light rain
535,Kampong Thum,KH,12.7111,104.8887,81.66,83,100,2.84,overcast clouds
536,Takapau,NZ,-40.0333,176.35,50.74,74,96,2.8,overcast clouds
537,Comodoro Rivadavia,AR,-45.8667,-67.5,35.46,93,75,8.05,light intensity drizzle
538,Muros,ES,42.7762,-9.0603,72.16,76,99,4.94,overcast clouds
539,Puerto Narino,CO,-3.7703,-70.3831,72.63,97,47,1.59,scattered clouds
540,Udachnyy,RU,66.4167,112.4,52.45,100,100,11.68,light rain
541,Mao,ES,39.8885,4.2658,73.96,88,0,4.61,clear sky
542,Sola,VU,-13.8833,167.55,80.24,73,40,7.99,scattered clouds
543,Leshan,CN,29.5623,103.7639,83.59,87,72,1.77,broken clouds
544,Vuktyl,RU,63.8567,57.3094,70.09,80,100,1.14,overcast clouds
545,Catalina,US,32.5056,-110.9211,90.48,54,99,5.23,overcast clouds
546,Alyangula,AU,-13.8483,136.4192,74.8,56,61,15.41,broken clouds
547,Batagay-Alyta,RU,67.8006,130.4114,74.16,46,12,4.0,few clouds
548,Basco,PH,20.4487,121.9702,84.65,80,94,17.69,overcast clouds
549,Tommot,RU,58.9564,126.2925,81.34,55,31,3.8,scattered clouds
550,Coari,BR,-4.085,-63.1414,73.71,93,38,2.21,scattered clouds
551,Pimentel,PE,-6.8367,-79.9342,61.52,87,12,16.62,few clouds
552,Vardo,NO,70.3705,31.1107,53.58,100,100,0.0,fog
553,Balsas,BR,-7.5325,-46.0356,79.66,47,64,3.22,broken clouds
554,Bilma,NE,18.6853,12.9164,87.73,32,80,6.69,broken clouds
555,Vao,NC,-22.6667,167.4833,71.08,62,0,20.38,clear sky
556,Antalaha,MG,-14.9003,50.2788,66.88,84,45,6.98,scattered clouds
557,North Branch,US,45.5113,-92.9802,80.58,80,99,10.58,overcast clouds
558,Buala,SB,-8.145,159.5921,83.98,69,100,7.83,light rain
559,Wanning,CN,18.8003,110.3967,86.94,73,39,9.6,scattered clouds
560,Mae Sai,TH,20.4335,99.8762,79.5,88,83,1.34,light rain
561,Taveta,KE,-3.3963,37.6736,66.42,79,100,8.5,overcast clouds
562,Bilibino,RU,68.0546,166.4372,61.86,40,26,3.36,scattered clouds
563,Slave Lake,CA,55.2834,-114.769,66.63,57,34,1.83,scattered clouds
564,Sydney,AU,-33.8679,151.2073,60.31,60,20,9.22,few clouds
565,Whitianga,NZ,-36.8333,175.7,56.82,73,95,3.31,overcast clouds
566,Kruisfontein,ZA,-34.0033,24.7314,49.71,91,6,5.59,clear sky
567,Khudumelapye,BW,-23.8833,24.75,53.29,31,0,6.71,clear sky
568,Salina Cruz,MX,16.1667,-95.2,78.24,87,100,7.34,overcast clouds
569,Ahuimanu,US,21.4447,-157.8378,83.34,74,60,8.01,broken clouds
570,Nuuk,GL,64.1835,-51.7216,45.88,81,61,14.97,broken clouds
571,Lazaro Cardenas,MX,17.9583,-102.2,81.03,81,55,2.89,broken clouds
572,Sedam,IN,17.1773,77.2824,74.39,85,100,14.72,overcast clouds
573,Tabou,CI,4.423,-7.3528,75.11,82,91,8.1,overcast clouds
574,Stornoway,GB,58.2093,-6.3865,53.92,93,75,5.75,broken clouds
575,Coahuayana,MX,18.7333,-103.6833,79.83,86,79,2.64,broken clouds
576,Douglas,US,41.3,-96.167,87.67,62,0,9.22,clear sky
577,Koygorodok,RU,60.445,50.9968,63.73,95,100,5.68,overcast clouds
578,Sibolga,ID,1.7427,98.7792,81.18,84,100,1.99,overcast clouds
579,Golden,US,39.7555,-105.2211,80.08,63,100,6.38,overcast clouds
580,Loa Janan,ID,-0.583,117.095,76.86,88,100,0.31,light rain
581,Naze,JP,28.3667,129.4833,83.37,79,100,12.71,overcast clouds
582,Sungairaya,ID,0.7,108.9,85.01,64,25,1.9,scattered clouds
583,Otradnoye,RU,59.7775,30.8181,55.96,97,97,5.28,overcast clouds
584,Mogadishu,SO,2.0371,45.3438,76.78,84,26,17.92,light rain
585,Kuloy,RU,61.0305,42.4925,59.99,82,97,2.57,overcast clouds
586,Les Cayes,HT,18.2,-73.75,79.11,84,80,3.15,broken clouds
587,Urumqi,CN,43.801,87.6005,70.75,33,0,6.71,clear sky
588,Naryan-Mar,RU,67.6713,53.087,70.05,76,100,5.35,overcast clouds
589,El Alto,PE,-4.2714,-81.2147,62.76,81,4,13.82,clear sky
590,Avanigadda,IN,16.0215,80.9181,80.92,69,100,13.82,overcast clouds
591,Salaverry,PE,-8.2333,-78.9667,60.75,84,74,10.71,broken clouds
592,Port-Gentil,GA,-0.7193,8.7815,74.79,74,70,9.42,broken clouds
593,Huarmey,PE,-10.0681,-78.1522,61.79,83,52,12.28,broken clouds
594,Ayagoz,KZ,47.9714,80.4392,69.44,41,0,5.39,clear sky
595,Mehran,IR,33.1222,46.1646,90.84,16,0,10.25,clear sky
596,Abay,KZ,49.6311,72.8539,62.98,28,56,6.71,broken clouds
597,Berlevag,NO,70.8578,29.0864,57.0,100,75,11.5,broken clouds
598,Saint-Pierre,RE,-21.3393,55.4781,65.91,70,20,8.05,few clouds
599,Mazamet,FR,43.49,2.373,76.08,57,0,0.0,clear sky
600,Arenapolis,BR,-14.4503,-56.8461,72.82,45,8,4.65,clear sky
601,Omboue,GA,-1.5746,9.2618,69.89,91,10,5.93,clear sky
602,Acapulco,MX,16.8634,-99.8901,79.45,84,100,4.88,overcast clouds
603,Sirjan,IR,29.452,55.6814,72.91,18,0,12.37,clear sky
604,Muswellbrook,AU,-32.2667,150.9,56.25,61,0,2.44,clear sky
605,Hervey Bay,AU,-25.2986,152.8535,65.39,67,14,17.63,few clouds
606,Canaries,ES,28.0,-15.5,64.36,73,20,25.32,few clouds
607,Shache,CN,38.4167,77.2406,74.95,38,100,4.21,overcast clouds
608,Taoudenni,ML,22.6783,-3.9836,96.84,9,4,12.57,clear sky
609,Broome,US,42.2506,-75.833,63.99,82,3,3.62,clear sky
610,Pinsk,BY,52.1229,26.0951,56.77,81,100,3.53,overcast clouds
611,Soyaniquilpan,MX,19.9833,-99.5,57.29,83,100,7.7,overcast clouds
612,Limon,CR,10.0,-83.0333,78.67,85,100,1.21,overcast clouds
613,Severobaykalsk,RU,55.65,109.3167,56.95,86,97,5.28,overcast clouds
614,Laguna,US,38.421,-121.4238,100.4,39,0,11.5,clear sky
615,Tabuk,PH,17.4189,121.4443,85.3,75,62,5.35,broken clouds
616,Chimoio,MZ,-19.1164,33.4833,55.49,72,6,2.82,clear sky
617,Maryborough,AU,-25.5333,152.7,66.56,58,8,9.8,clear sky
618,Diu,IN,20.7141,70.9822,80.29,90,100,21.45,moderate rain
619,Salinopolis,BR,-0.6136,-47.3561,77.76,87,10,10.74,clear sky
620,San Ramon De La Nueva Oran,AR,-23.1322,-64.326,57.42,64,2,2.51,clear sky
621,Opuwo,NA,-18.0607,13.84,55.81,38,0,8.48,clear sky
622,Halifax,CA,44.6453,-63.5724,64.47,94,26,5.01,scattered clouds
623,Srivardhan,IN,18.0333,73.0167,79.3,87,100,23.13,overcast clouds
624,Ketchikan,US,55.3422,-131.6461,53.64,96,100,4.92,light rain
625,Boende,CD,-0.2167,20.8667,72.93,87,95,2.39,overcast clouds
626,Mayo,US,38.8876,-76.5119,80.55,78,0,0.0,clear sky
627,Port Hardy,CA,50.6996,-127.4199,60.71,73,100,6.89,overcast clouds
628,Sao Filipe,CV,14.8961,-24.4956,74.43,78,38,6.91,scattered clouds
629,Rincon,US,32.296,-81.2354,77.86,97,100,9.78,overcast clouds
630,Guane,CU,22.2025,-84.0875,76.35,83,91,4.16,overcast clouds
631,Griffith,US,41.5284,-87.4237,72.1,84,0,5.75,clear sky
632,Ust-Nera,RU,64.5667,143.2,76.87,51,100,1.14,overcast clouds
633,Ranau,MY,5.9538,116.6641,76.71,75,100,1.43,overcast clouds
634,Eirunepe,BR,-6.6603,-69.8736,74.3,92,57,2.04,broken clouds
635,Bay City,US,43.5945,-83.8889,69.8,64,0,0.0,clear sky
636,Malia,GR,35.2833,25.4667,75.65,81,0,17.2,clear sky
637,Shubarkuduk,KZ,49.1447,56.4872,83.32,25,95,10.04,overcast clouds
638,Tautira,PF,-17.7333,-149.15,75.87,65,25,23.82,scattered clouds
639,Hit,IQ,33.6416,42.8251,88.12,21,0,15.75,clear sky
640,Salisbury,GB,51.0693,-1.7957,58.01,79,6,5.59,clear sky
641,Calama,CL,-22.4667,-68.9333,44.29,23,0,12.06,clear sky
642,Asau,RO,46.4333,26.4,61.47,68,2,6.2,clear sky
643,Killybegs,IE,54.6333,-8.45,57.74,97,100,12.53,overcast clouds
644,Coihaique,CL,-45.5752,-72.0662,20.79,99,86,2.35,overcast clouds
645,Kjopsvik,NO,68.097,16.3742,52.18,99,100,6.15,light rain
646,Chandrakona,IN,22.7333,87.5167,84.61,76,74,15.99,broken clouds
647,Hambantota,LK,6.1241,81.1185,79.14,100,20,10.36,few clouds
648,Atambua,ID,-9.1061,124.8925,78.03,58,74,3.47,broken clouds
649,Kano,NG,12.0001,8.5167,76.93,72,77,11.23,broken clouds
650,Lamu,KE,-2.2717,40.902,71.82,86,50,14.03,light rain
651,Codrington,AU,-38.2667,141.9667,52.88,79,100,11.79,overcast clouds
652,Marsh Harbour,BS,26.5412,-77.0636,82.42,73,56,17.07,broken clouds
653,Mana,GF,5.6592,-53.7767,76.78,90,96,7.52,overcast clouds
654,Capreol,CA,46.706,-80.9225,56.88,69,29,2.01,scattered clouds
655,Taltal,CL,-25.4,-70.4833,54.23,72,15,6.71,few clouds
656,Gillette,US,44.2911,-105.5022,73.06,69,100,13.0,overcast clouds
657,Yate,GB,51.5407,-2.4184,56.98,76,18,3.2,few clouds
658,Tual,ID,-5.6667,132.75,79.47,80,32,24.45,scattered clouds
659,Gravelbourg,CA,49.8834,-106.5512,79.7,46,0,5.08,clear sky
660,Starobaltachevo,RU,56.0013,55.9213,70.74,80,100,13.98,overcast clouds
661,Aripuana,BR,-9.1667,-60.6333,74.93,53,2,0.22,clear sky
662,High Level,CA,58.5169,-117.136,74.86,34,67,5.1,broken clouds
663,Westport,US,41.1415,-73.3579,78.91,60,45,1.99,scattered clouds
664,Udimskiy,RU,61.1417,45.9144,60.17,87,89,3.85,overcast clouds
665,Lichinga,MZ,-13.3128,35.2406,54.37,73,28,8.1,scattered clouds
666,Priiskovyy,RU,51.9333,116.6333,62.85,95,100,2.71,overcast clouds
667,Los Llanos De Aridane,ES,28.6585,-17.9182,67.75,92,75,10.36,broken clouds
668,Erenhot,CN,43.6475,111.9767,81.99,20,100,6.69,overcast clouds
669,Van,TR,38.4924,43.3831,65.55,63,20,1.14,few clouds
670,Talcahuano,CL,-36.7167,-73.1167,38.88,93,100,10.36,overcast clouds
671,Labrea,BR,-7.2586,-64.7981,79.23,69,61,2.62,broken clouds
672,Kishtwar,IN,33.3167,75.7667,68.74,81,98,2.28,overcast clouds
